cohort_year,num_investors,total_invested,avg_sip_amount,num_transactions,avg_per_investor
2024,4803,3491125187,107422.54183205638,32499,726863.46
2025,197,30455243,109158.5770609319,279,154595.14
